,Loan_Status
0,1
1,1
2,0
3,1
4,1
5,1
6,1
7,1
8,0
9,1
10,0
11,1
12,1
13,1
14,0
15,1
16,1
17,1
18,0
19,0
20,1
21,0
22,1
23,0
24,0
25,0
26,1
27,1
28,1
29,0
30,1
31,0
32,0
33,0
34,1
35,0
36,1
37,0
38,1
39,1
40,1
41,0
42,1
43,1
44,1
45,1
46,1
47,1
48,1
49,0
50,1
51,1
52,1
53,0
54,0
55,0
56,1
57,1
58,0
59,1
60,1
61,1
62,1
63,0
64,0
65,0
66,0
67,0
68,1
69,1
70,0
71,1
72,1
73,1
74,0
75,1
76,0
77,0
78,0
79,0
80,1
81,1
82,1
83,0
84,0
85,1
86,1
87,1
88,1
89,1
90,1
91,1
92,1
93,1
94,1
95,1
96,0
97,1
98,1
99,1
100,1
101,1
102,1
103,1
104,1
105,1
106,1
107,1
108,0
109,0
110,1
111,1
112,1
113,0
114,1
115,1
116,1
117,1
118,1
119,0
120,1
121,1
122,1
123,1
124,1
125,1
126,1
127,1
128,1
129,0
130,0
131,1
132,1
133,1
134,1
135,1
136,0
137,0
138,1
139,0
140,0
141,0
142,1
143,1
144,1
145,1
146,1
147,1
148,1
149,0
150,1
151,0
152,1
153,0
154,0
155,1
156,1
157,1
158,1
159,1
160,1
161,1
162,0
163,0
164,1
165,1
166,1
167,0
168,1
169,0
170,1
171,1
172,1
173,0
174,1
175,0
176,1
177,1
178,0
179,1
180,0
181,0
182,0
183,1
184,0
185,1
186,1
187,0
188,1
189,1
190,1
191,1
192,0
193,0
194,1
195,1
196,0
197,1
198,1
199,1
200,0
201,1
202,1
203,0
204,1
205,1
206,1
207,1
208,1
209,1
210,0
211,0
212,0
213,1
214,1
215,1
216,1
217,0
218,1
219,0
220,1
221,0
222,1
223,1
224,1
225,1
226,0
227,0
228,1
229,1
230,1
231,1
232,1
233,1
234,1
235,1
236,1
237,0
238,1
239,1
240,1
241,1
242,0
243,1
244,1
245,1
246,0
247,1
248,1
249,1
250,1
251,0
252,0
253,1
254,1
255,0
256,1
257,0
258,0
259,0
260,0
261,1
262,1
263,0
264,1
265,1
266,1
267,1
268,1
269,0
270,1
271,1
272,1
273,1
274,1
275,1
276,1
277,1
278,1
279,1
280,1
281,0
282,1
283,1
284,1
285,0
286,1
287,0
288,1
289,1
290,1
291,1
292,0
293,1
294,0
295,1
296,1
297,1
298,1
299,0
300,0
301,0
302,1
303,1
304,1
305,1
306,0
307,1
308,0
309,0
310,1
311,1
312,1
313,1
314,1
315,0
316,1
317,1
318,1
319,1
320,0
321,1
322,1
323,1
324,1
325,1
326,0
327,1
328,1
329,0
330,1
331,1
332,1
333,1
334,1
335,1
336,1
337,1
338,1
339,0
340,1
341,0
342,0
343,1
344,1
345,1
346,1
347,0
348,1
349,1
350,1
351,1
352,0
353,1
354,0
355,1
356,1
357,1
358,0
359,0
360,1
361,0
362,1
363,1
364,1
365,1
366,0
367,0
368,0
369,1
370,0
371,1
372,1
373,1
374,0
375,1
376,1
377,1
378,1
379,0
380,1
381,1
382,1
383,1
384,1
385,0
386,1
387,1
388,0
389,1
390,1
391,1
392,1
393,1
394,1
395,1
396,1
397,0
398,1
399,1
400,0
401,0
402,0
403,1
404,1
405,0
406,1
407,1
408,1
409,0
410,0
411,0
412,1
413,0
414,1
415,0
416,1
417,0
418,0
419,1
420,1
421,1
422,0
423,1
424,0
425,1
426,1
427,0
428,1
429,1
430,1
431,1
432,0
433,1
434,1
435,1
436,1
437,1
438,1
439,0
440,1
441,1
442,1
443,1
444,1
445,1
446,1
447,1
448,0
449,0
450,0
451,0
452,1
453,0
454,1
455,1
456,1
457,1
458,0
459,1
460,0
461,1
462,1
463,1
464,1
465,0
466,1
467,0
468,1
469,1
470,0
471,1
472,0
473,1
474,1
475,1
476,1
477,1
478,0
479,1
480,0
481,1
482,1
483,1
484,1
485,1
486,1
487,0
488,0
489,1
490,0
491,1
492,1
493,1
494,1
495,0
496,1
497,1
498,1
499,1
500,0
501,1
502,1
503,1
504,0
505,1
506,1
507,1
508,0
509,1
510,1
511,0
512,1
513,1
514,0
515,0
516,1
517,1
518,0
519,0
520,0
521,1
522,1
523,1
524,1
525,0
526,1
527,1
528,1
529,1
530,1
531,1
532,1
533,0
534,0
535,1
536,1
537,1
538,1
539,0
540,1
541,1
542,0
543,1
544,1
545,1
546,1
547,0
548,1
549,0
550,1
551,0
552,1
553,1
554,0
555,0
556,1
557,1
558,1
559,1
560,1
561,1
562,1
563,1
564,1
565,0
566,1
567,1
568,0
569,0
570,0
571,1
572,0
573,1
574,0
575,0
576,1
577,0
578,1
579,1
580,1
581,1
582,0
583,1
584,0
585,0
586,0
587,1
588,1
589,1
590,0
591,1
592,0
593,1
594,1
595,1
596,1
597,0
598,0
599,1
600,1
601,0
602,1
603,1
604,1
605,1
606,0
607,1
608,1
609,1
610,1
611,1
612,1
613,1
614,0
615,1
616,0
617,1
618,1
619,1
620,1
621,1
622,0
623,1
624,0
625,1
626,1
627,1
628,0
629,1
630,1
631,1
632,0
633,0
634,1
635,0
636,1
637,0
638,0
639,0
640,1
641,1
642,1
643,0
644,1
645,0
646,0
647,0
648,1
649,0
650,1
651,0
652,1
653,1
654,1
655,0
656,1
657,1
658,1
659,1
660,1
661,1
662,1
663,0
664,1
665,1
666,1
667,0
668,0
669,0
670,1
671,1
672,0
673,1
674,1
675,1
676,1
677,0
678,0
679,0
680,0
681,0
682,1
683,1
684,0
685,1
686,1
687,1
688,0
689,1
690,0
691,0
692,0
693,0
694,1
695,1
696,1
697,0
698,0
699,1
700,1
701,1
702,1
703,1
704,1
705,1
706,1
707,1
708,1
709,1
710,0
711,1
712,1
713,1
714,1
715,1
716,1
717,1
718,1
719,1
720,1
721,1
722,0
723,0
724,1
725,1
726,1
727,0
728,1
729,1
730,1
731,1
732,1
733,0
734,1
735,1
736,1
737,1
738,1
739,1
740,1
741,1
742,1
743,0
744,0
745,1
746,1
747,1
748,1
749,1
750,0
751,0
752,1
753,0
754,0
755,0
756,1
757,1
758,1
759,1
760,1
761,1
762,1
763,0
764,1
765,0
766,1
767,0
768,0
769,1
770,1
771,1
772,1
773,1
774,1
775,1
776,0
777,0
778,1
779,1
780,1
781,0
782,1
783,0
784,1
785,1
786,1
787,0
788,1
789,0
790,1
791,1
792,0
793,1
794,0
795,0
796,0
797,1
798,0
799,1
800,1
801,0
802,1
803,1
804,1
805,1
806,0
807,0
808,1
809,1
810,0
811,1
812,1
813,1
814,0
815,1
816,1
817,0
818,1
819,1
820,1
821,1
822,1
823,1
824,0
825,0
826,0
827,1
828,1
829,1
830,1
831,0
832,1
833,0
834,1
835,0
836,1
837,1
838,1
839,1
840,0
841,0
842,1
843,1
844,1
845,1
846,1
847,1
848,1
849,1
850,1
851,0
852,1
853,1
854,1
855,1
856,0
857,1
858,1
859,1
860,0
861,1
862,1
863,1
864,1
865,0
866,0
867,1
868,1
869,0
870,1
871,0
872,0
873,0
874,0
875,1
876,1
877,0
878,1
879,1
880,1
881,1
882,1
883,0
884,1
885,1
886,1
887,1
888,1
889,1
890,1
891,1
892,1
893,1
894,1
895,0
896,1
897,1
898,1
899,0
900,1
901,0
902,1
903,1
904,1
905,1
906,0
907,1
908,0
909,1
910,1
911,1
912,1
913,0
914,0
915,0
916,1
917,1
918,1
919,1
920,0
921,1
922,0
923,0
924,1
925,1
926,1
927,1
928,1
929,0
930,1
931,1
932,1
933,1
934,0
935,1
936,1
937,1
938,1
939,1
940,0
941,1
942,1
943,0
944,1
945,1
946,1
947,1
948,1
949,1
950,1
951,1
952,1
953,0
954,1
955,0
956,0
957,1
958,1
959,1
960,1
961,0
962,1
963,1
964,1
965,1
966,0
967,1
968,0
969,1
970,1
971,1
972,0
973,0
974,1
975,0
976,1
977,1
978,1
979,1
980,0
981,0
982,0
983,1
984,0
985,1
986,1
987,1
988,0
989,1
990,1
991,1
992,1
993,0
994,1
995,1
996,1
997,1
998,1
999,0
1000,1
1001,1
1002,0
1003,1
1004,1
1005,1
1006,1
1007,1
1008,1
1009,1
1010,1
1011,0
1012,1
1013,1
1014,0
1015,0
1016,0
1017,1
1018,1
1019,0
1020,1
1021,1
1022,1
1023,0
1024,0
1025,0
1026,1
1027,0
1028,1
1029,0
1030,1
1031,0
1032,0
1033,1
1034,1
1035,1
1036,0
1037,1
1038,0
1039,1
1040,1
1041,0
1042,1
1043,1
1044,1
1045,1
1046,0
1047,1
1048,1
1049,1
1050,1
1051,1
1052,1
1053,0
1054,1
1055,1
1056,1
1057,1
1058,1
1059,1
1060,1
1061,1
1062,0
1063,0
1064,0
1065,0
1066,1
1067,0
1068,1
1069,1
1070,1
1071,1
1072,0
1073,1
1074,0
1075,1
1076,1
1077,1
1078,1
1079,0
1080,1
1081,0
1082,1
1083,1
1084,0
1085,1
1086,0
1087,1
1088,1
1089,1
1090,1
1091,1
1092,0
1093,1
1094,0
1095,1
1096,1
1097,1
1098,1
1099,1
1100,1
1101,0
1102,0
1103,1
1104,0
1105,1
1106,1
1107,1
1108,1
1109,0
1110,1
1111,1
1112,1
1113,1
1114,0
1115,1
1116,1
1117,1
1118,0
1119,1
1120,1
1121,1
1122,0
1123,1
1124,1
1125,0
1126,1
1127,1
1128,0
1129,0
1130,1
1131,1
1132,0
1133,0
1134,0
1135,1
1136,1
1137,1
1138,1
1139,0
1140,1
1141,1
1142,1
1143,1
1144,1
1145,1
1146,1
1147,0
1148,0
1149,1
1150,1
1151,1
1152,1
1153,0
1154,1
1155,1
1156,0
1157,1
1158,1
1159,1
1160,1
1161,0
1162,1
1163,0
1164,1
1165,0
1166,1
1167,1
1168,0
1169,0
1170,1
1171,1
1172,1
1173,1
1174,1
1175,1
1176,1
1177,1
1178,1
1179,0
1180,1
1181,1
1182,0
1183,0
1184,0
1185,1
1186,0
1187,1
1188,0
1189,0
1190,1
1191,0
1192,1
1193,1
1194,1
1195,1
1196,0
1197,1
1198,0
1199,0
1200,0
1201,1
1202,1
1203,1
1204,0
1205,1
1206,0
1207,1
1208,1
1209,1
1210,1
1211,0
1212,0
1213,1
1214,1
1215,0
1216,1
1217,1
1218,1
1219,1
1220,0
1221,1
1222,1
1223,1
1224,1
1225,1
1226,1
1227,1
1228,0
1229,1
1230,0
1231,1
1232,1
1233,1
1234,1
1235,1
1236,0
1237,1
1238,0
1239,1
1240,1
1241,1
1242,0
1243,1
1244,1
1245,1
1246,0
1247,0
1248,1
1249,0
1250,1
1251,0
1252,0
1253,0
1254,1
1255,1
1256,1
1257,0
1258,1
1259,0
1260,0
1261,0
1262,1
1263,0
1264,1
1265,0
1266,1
1267,1
1268,1
1269,0
1270,1
1271,1
1272,1
1273,1
1274,1
1275,1
1276,1
1277,0
1278,1
1279,1
1280,1
1281,0
1282,0
1283,0
1284,1
1285,1
1286,0
1287,1
1288,1
1289,1
1290,1
1291,0
1292,0
1293,0
1294,0
1295,0
1296,1
1297,1
1298,0
1299,1
1300,1
1301,1
1302,0
1303,1
1304,0
1305,0
1306,0
1307,0
1308,1
1309,1
1310,1
1311,0
1312,0
1313,1
1314,1
1315,1
1316,1
1317,1
1318,1
1319,1
1320,1
1321,1
1322,1
1323,1
1324,0
1325,1
1326,1
1327,1
1328,1
1329,1
1330,1
1331,1
1332,1
1333,1
1334,1
1335,1
1336,0
1337,0
1338,1
1339,1
1340,1
1341,0
1342,1
1343,1
1344,1
1345,1
1346,1
1347,0
1348,1
1349,1
1350,1
1351,1
1352,1
1353,1
1354,1
1355,1
1356,1
1357,0
1358,0
1359,1
1360,1
1361,1
1362,1
1363,1
1364,0
1365,0
1366,1
1367,0
1368,0
1369,0
1370,1
1371,1
1372,1
1373,1
1374,1
1375,1
1376,1
1377,0
1378,1
1379,0
1380,1
1381,0
1382,0
1383,1
1384,1
1385,1
1386,1
1387,1
1388,1
1389,1
1390,0
1391,0
1392,1
1393,1
1394,1
1395,0
1396,1
1397,0
1398,1
1399,1
1400,1
1401,0
1402,1
1403,0
1404,1
1405,1
1406,0
1407,1
1408,0
1409,0
1410,0
1411,1
1412,0
1413,1
1414,1
1415,0
1416,1
1417,1
1418,1
1419,1
1420,0
1421,0
1422,1
1423,1
1424,0
1425,1
1426,1
1427,1
1428,0
1429,1
1430,1
1431,0
1432,1
1433,1
1434,1
1435,1
1436,1
1437,1
1438,0
1439,0
1440,0
1441,1
1442,1
1443,1
1444,1
1445,0
1446,1
1447,0
1448,1
1449,0
1450,1
1451,1
1452,1
1453,1
1454,0
1455,0
1456,1
1457,1
1458,1
1459,1
1460,1
1461,1
1462,1
1463,1
1464,1
1465,0
1466,1
1467,1
1468,1
1469,1
1470,0
1471,1
1472,1
1473,1
1474,0
1475,1
1476,1
1477,1
1478,1
1479,0
1480,0
1481,1
1482,1
1483,0
1484,1
1485,0
1486,0
1487,0
1488,0
1489,1
1490,1
1491,0
1492,1
1493,1
1494,1
1495,1
1496,1
1497,0
1498,1
1499,1
1500,1
1501,1
1502,1
1503,1
1504,1
1505,1
1506,1
1507,1
1508,1
1509,0
1510,1
1511,1
1512,1
1513,0
1514,1
1515,0
1516,1
1517,1
1518,1
1519,1
1520,0
1521,1
1522,0
1523,1
1524,1
1525,1
1526,1
1527,0
1528,0
1529,0
1530,1
1531,1
1532,1
1533,1
1534,0
1535,1
1536,0
1537,0
1538,1
1539,1
1540,1
1541,1
1542,1
1543,0
1544,1
1545,1
1546,1
1547,1
1548,0
1549,1
1550,1
1551,1
1552,1
1553,1
1554,0
1555,1
1556,1
1557,0
1558,1
1559,1
1560,1
1561,1
1562,1
1563,1
1564,1
1565,1
1566,1
1567,0
1568,1
1569,0
1570,0
1571,1
1572,1
1573,1
1574,1
1575,0
1576,1
1577,1
1578,1
1579,1
1580,0
1581,1
1582,0
1583,1
1584,1
1585,1
1586,0
1587,0
1588,1
1589,0
1590,1
1591,1
1592,1
1593,1
1594,0
1595,0
1596,0
1597,1
1598,0
1599,1
1600,1
1601,1
1602,0
1603,1
1604,1
1605,1
1606,1
1607,0
1608,1
1609,1
1610,1
1611,1
1612,1
1613,0
1614,1
1615,1
1616,0
1617,1
1618,1
1619,1
1620,1
1621,1
1622,1
1623,1
1624,1
1625,0
1626,1
1627,1
1628,0
1629,0
1630,0
1631,1
1632,1
1633,0
1634,1
1635,1
1636,1
1637,0
1638,0
1639,0
1640,1
1641,0
1642,1
1643,0
1644,1
1645,0
1646,0
1647,1
1648,1
1649,1
1650,0
1651,1
1652,0
1653,1
1654,1
1655,0
1656,1
1657,1
1658,1
1659,1
1660,0
1661,1
1662,1
1663,1
1664,1
1665,1
1666,1
1667,0
1668,1
1669,1
1670,1
1671,1
1672,1
1673,1
1674,1
1675,1
1676,0
1677,0
1678,0
1679,0
1680,1
1681,0
1682,1
1683,1
1684,1
1685,1
1686,0
1687,1
1688,0
1689,1
1690,1
1691,1
1692,1
1693,0
1694,1
1695,0
1696,1
1697,1
1698,0
1699,1
1700,0
1701,1
1702,1
1703,1
1704,1
1705,1
1706,0
1707,1
1708,0
1709,1
1710,1
1711,1
1712,1
1713,1
1714,1
1715,0
1716,0
1717,1
1718,0
1719,1
1720,1
1721,1
1722,1
1723,0
1724,1
1725,1
1726,1
1727,1
1728,0
1729,1
1730,1
1731,1
1732,0
1733,1
1734,1
1735,1
1736,0
1737,1
1738,1
1739,0
1740,1
1741,1
1742,0
1743,0
1744,1
1745,1
1746,0
1747,0
1748,0
1749,1
1750,1
1751,1
1752,1
1753,0
1754,1
1755,1
1756,1
1757,1
1758,1
1759,1
1760,1
1761,0
1762,0
1763,1
1764,1
1765,1
1766,1
1767,0
1768,1
1769,1
1770,0
1771,1
1772,1
1773,1
1774,1
1775,0
1776,1
1777,0
1778,1
1779,0
1780,1
1781,1
1782,0
1783,0
1784,1
1785,1
1786,1
1787,1
1788,1
1789,1
1790,1
1791,1
1792,1
1793,0
1794,1
1795,1
1796,0
1797,0
1798,0
1799,1
1800,0
1801,1
1802,0
1803,0
1804,1
1805,0
1806,1
1807,1
1808,1
1809,1
1810,0
1811,1
1812,0
1813,0
1814,0
1815,1
1816,1
1817,1
1818,0
1819,1
1820,0
1821,1
1822,1
1823,1
1824,1
1825,0
1826,0
1827,1
1828,1
1829,0
1830,1
1831,1
1832,1
1833,1
1834,0
1835,1
1836,1
1837,1
1838,1
1839,1
1840,1
1841,1
1842,0
1843,1
1844,0
1845,1
1846,1
1847,1
1848,1
1849,1
1850,0
1851,1
1852,0
1853,1
1854,1
1855,1
1856,0
1857,1
1858,1
1859,1
1860,0
1861,0
1862,1
1863,0
1864,1
1865,0
1866,0
1867,0
1868,1
1869,1
1870,1
1871,0
1872,1
1873,0
1874,0
1875,0
1876,1
1877,0
1878,1
1879,0
1880,1
1881,1
1882,1
1883,0
1884,1
1885,1
1886,1
1887,1
1888,1
1889,1
1890,1
1891,0
1892,1
1893,1
1894,1
1895,0
1896,0
1897,0
1898,1
1899,1
1900,0
1901,1
1902,1
1903,1
1904,1
1905,0
1906,0
1907,0
1908,0
1909,0
1910,1
1911,1
1912,0
1913,1
1914,1
1915,1
1916,0
1917,1
1918,0
1919,0
1920,0
1921,0
1922,1
1923,1
1924,1
1925,0
1926,0
1927,1
1928,1
1929,1
1930,1
1931,1
1932,1
1933,1
1934,1
1935,1
1936,1
1937,1
1938,0
1939,1
1940,1
1941,1
1942,1
1943,1
1944,1
1945,1
1946,1
1947,1
1948,1
1949,1
1950,0
1951,0
1952,1
1953,1
1954,1
1955,0
1956,1
1957,1
1958,1
1959,1
1960,1
1961,0
1962,1
1963,1
1964,1
1965,1
1966,1
1967,1
1968,1
1969,1
1970,1
1971,0
1972,0
1973,1
1974,1
1975,1
1976,1
1977,1
1978,0
1979,0
1980,1
1981,0
1982,0
1983,0
1984,1
1985,1
1986,1
1987,1
1988,1
1989,1
1990,1
1991,0
1992,1
1993,0
1994,1
1995,0
1996,0
1997,1
1998,1
1999,1
2000,1
2001,1
2002,1
2003,1
2004,0
2005,0
2006,1
2007,1
2008,1
2009,0
2010,1
2011,0
2012,1
2013,1
2014,1
2015,0
2016,1
2017,0
2018,1
2019,1
2020,0
2021,1
2022,0
2023,0
2024,0
2025,1
2026,0
2027,1
2028,1
2029,0
2030,1
2031,1
2032,1
2033,1
2034,0
2035,0
2036,1
2037,1
2038,0
2039,1
2040,1
2041,1
2042,0
2043,1
2044,1
2045,0
2046,1
2047,1
2048,1
2049,1
2050,1
2051,1
2052,0
2053,0
2054,0
2055,1
2056,1
2057,1
2058,1
2059,0
2060,1
2061,0
2062,1
2063,0
2064,1
2065,1
2066,1
2067,1
2068,0
2069,0
2070,1
2071,1
2072,1
2073,1
2074,1
2075,1
2076,1
2077,1
2078,1
2079,0
2080,1
2081,1
2082,1
2083,1
2084,0
2085,1
2086,1
2087,1
2088,0
2089,1
2090,1
2091,1
2092,1
2093,0
2094,0
2095,1
2096,1
2097,0
2098,1
2099,0
2100,0
2101,0
2102,0
2103,1
2104,1
2105,0
2106,1
2107,1
2108,1
2109,1
2110,1
2111,0
2112,1
2113,1
2114,1
2115,1
2116,1
2117,1
2118,1
2119,1
2120,1
2121,1
2122,1
2123,0
2124,1
2125,1
2126,1
2127,0
2128,1
2129,0
2130,1
2131,1
2132,1
2133,1
2134,0
2135,1
2136,0
2137,1
2138,1
2139,1
2140,1
2141,0
2142,0
2143,0
2144,1
2145,1
2146,1
2147,1
2148,0
2149,1
2150,0
2151,0
2152,1
2153,1
2154,1
2155,1
2156,1
2157,0
2158,1
2159,1
2160,1
2161,1
2162,0
2163,1
2164,1
2165,1
2166,1
2167,1
2168,0
2169,1
2170,1
2171,0
2172,1
2173,1
2174,1
2175,1
2176,1
2177,1
2178,1
2179,1
2180,1
2181,0
2182,1
2183,0
2184,0
2185,1
2186,1
2187,1
2188,1
2189,0
2190,1
2191,1
2192,1
2193,1
2194,0
2195,1
2196,0
2197,1
2198,1
2199,1
2200,0
2201,0
2202,1
2203,0
2204,1
2205,1
2206,1
2207,1
2208,0
2209,0
2210,0
2211,1
2212,0
2213,1
2214,1
2215,1
2216,0
2217,1
2218,1
2219,1
2220,1
2221,0
2222,1
2223,1
2224,1
2225,1
2226,1
2227,0
2228,1
2229,1
2230,0
2231,1
2232,1
2233,1
2234,1
2235,1
2236,1
2237,1
2238,1
2239,0
2240,1
2241,1
2242,0
2243,0
2244,0
2245,1
2246,1
2247,0
2248,1
2249,1
2250,1
2251,0
2252,0
2253,0
2254,1
2255,0
2256,1
2257,0
2258,1
2259,0
2260,0
2261,1
2262,1
2263,1
2264,0
2265,1
2266,0
2267,1
2268,1
2269,0
2270,1
2271,1
2272,1
2273,1
2274,0
2275,1
2276,1
2277,1
2278,1
2279,1
2280,1
2281,0
2282,1
2283,1
2284,1
2285,1
2286,1
2287,1
2288,1
2289,1
2290,0
2291,0
2292,0
2293,0
2294,1
2295,0
2296,1
2297,1
2298,1
2299,1
2300,0
2301,1
2302,0
2303,1
2304,1
2305,1
2306,1
2307,0
2308,1
2309,0
2310,1
2311,1
2312,0
2313,1
2314,0
2315,1
2316,1
2317,1
2318,1
2319,1
2320,0
2321,1
2322,0
2323,1
2324,1
2325,1
2326,1
2327,1
2328,1
2329,0
2330,0
2331,1
2332,0
2333,1
2334,1
2335,1
2336,1
2337,0
2338,1
2339,1
2340,1
2341,1
2342,0
2343,1
2344,1
2345,1
2346,0
2347,1
2348,1
2349,1
2350,0
2351,1
2352,1
2353,0
2354,1
2355,1
2356,0
2357,0
2358,1
2359,1
2360,0
2361,0
2362,0
2363,1
2364,1
2365,1
2366,1
2367,0
2368,1
2369,1
2370,1
2371,1
2372,1
2373,1
2374,1
2375,0
2376,0
2377,1
2378,1
2379,1
2380,1
2381,0
2382,1
2383,1
2384,0
2385,1
2386,1
2387,1
2388,1
2389,0
2390,1
2391,0
2392,1
2393,0
2394,1
2395,1
2396,0
2397,0
2398,1
2399,1
2400,1
2401,1
2402,1
2403,1
2404,1
2405,1
2406,1
2407,0
2408,1
2409,1
2410,0
2411,0
2412,0
2413,1
2414,0
2415,1
2416,0
2417,0
2418,1
2419,0
2420,1
2421,1
2422,1
2423,1
2424,0
2425,1
2426,0
2427,0
2428,0
2429,1
2430,1
2431,1
2432,0
2433,1
2434,0
2435,1
2436,1
2437,1
2438,1
2439,0
2440,0
2441,1
2442,1
2443,0
2444,1
2445,1
2446,1
2447,1
2448,0
2449,1
2450,1
2451,1
2452,1
2453,1
2454,1
2455,1
2456,0
2457,1
2458,0
2459,1
2460,1
2461,1
2462,1
2463,1
2464,0
2465,1
2466,0
2467,1
2468,1
2469,1
2470,0
2471,1
2472,1
2473,1
2474,0
2475,0
2476,1
2477,0
2478,1
2479,0
2480,0
2481,0
2482,1
2483,1
2484,1
2485,0
2486,1
2487,0
2488,0
2489,0
2490,1
2491,0
2492,1
2493,0
2494,1
2495,1
2496,1
2497,0
2498,1
2499,1
2500,1
2501,1
2502,1
2503,1
2504,1
2505,0
2506,1
2507,1
2508,1
2509,0
2510,0
2511,0
2512,1
2513,1
2514,0
2515,1
2516,1
2517,1
2518,1
2519,0
2520,0
2521,0
2522,0
2523,0
2524,1
2525,1
2526,0
2527,1
2528,1
2529,1
2530,0
2531,1
2532,0
2533,0
2534,0
2535,0
2536,1
2537,1
2538,1
2539,0
2540,0
2541,1
2542,1
2543,1
2544,1
2545,1
2546,1
2547,1
2548,1
2549,1
2550,1
2551,1
2552,0
2553,1
2554,1
2555,1
2556,1
2557,1
2558,1
2559,1
2560,1
2561,1
2562,1
2563,1
2564,0
2565,0
2566,1
2567,1
2568,1
2569,0
2570,1
2571,1
2572,1
2573,1
2574,1
2575,0
2576,1
2577,1
2578,1
2579,1
2580,1
2581,1
2582,1
2583,1
2584,1
2585,0
2586,0
2587,1
2588,1
2589,1
2590,1
2591,1
2592,0
2593,0
2594,1
2595,0
2596,0
2597,0
2598,1
2599,1
2600,1
2601,1
2602,1
2603,1
2604,1
2605,0
2606,1
2607,0
2608,1
2609,0
2610,0
2611,1
2612,1
2613,1
2614,1
2615,1
2616,1
2617,1
2618,0
2619,0
2620,1
2621,1
2622,1
2623,0
2624,1
2625,0
2626,1
2627,1
2628,1
2629,0
2630,1
2631,0
2632,1
2633,1
2634,0
2635,1
2636,0
2637,0
2638,0
2639,1
2640,0
2641,1
2642,1
2643,0
2644,1
2645,1
2646,1
2647,1
2648,0
2649,0
2650,1
2651,1
2652,0
2653,1
2654,1
2655,1
2656,0
2657,1
2658,1
2659,0
2660,1
2661,1
2662,1
2663,1
2664,1
2665,1
2666,0
2667,0
2668,0
2669,1
2670,1
2671,1
2672,1
2673,0
2674,1
2675,0
2676,1
2677,0
2678,1
2679,1
2680,1
2681,1
2682,0
2683,0
2684,1
2685,1
2686,1
2687,1
2688,1
2689,1
2690,1
2691,1
2692,1
2693,0
2694,1
2695,1
2696,1
2697,1
2698,0
2699,1
2700,1
2701,1
2702,0
2703,1
2704,1
2705,1
2706,1
2707,0
2708,0
2709,1
2710,1
2711,0
2712,1
2713,0
2714,0
2715,0
2716,0
2717,1
2718,1
2719,0
2720,1
2721,1
2722,1
2723,1
2724,1
2725,0
2726,1
2727,1
2728,1
2729,1
2730,1
2731,1
2732,1
2733,1
2734,1
2735,1
2736,1
2737,0
2738,1
2739,1
2740,1
2741,0
2742,1
2743,0
2744,1
2745,1
2746,1
2747,1
2748,0
2749,1
2750,0
2751,1
2752,1
2753,1
2754,1
2755,0
2756,0
2757,0
2758,1
2759,1
2760,1
2761,1
2762,0
2763,1
2764,0
2765,0
2766,1
2767,1
2768,1
2769,1
2770,1
2771,0
2772,1
2773,1
2774,1
2775,1
2776,0
2777,1
2778,1
2779,1
2780,1
2781,1
2782,0
2783,1
2784,1
2785,0
2786,1
2787,1
2788,1
2789,1
2790,1
2791,1
2792,1
2793,1
2794,1
2795,0
2796,1
2797,0
2798,0
2799,1
2800,1
2801,1
2802,1
2803,0
2804,1
2805,1
2806,1
2807,1
2808,0
2809,1
2810,0
2811,1
2812,1
2813,1
2814,0
2815,0
2816,1
2817,0
2818,1
2819,1
2820,1
2821,1
2822,0
2823,0
2824,0
2825,1
2826,0
2827,1
2828,1
2829,1
2830,0
2831,1
2832,1
2833,1
2834,1
2835,0
2836,1
2837,1
2838,1
2839,1
2840,1
2841,0
2842,1
2843,1
2844,0
2845,1
2846,1
2847,1
2848,1
2849,1
2850,1
2851,1
2852,1
2853,0
2854,1
2855,1
2856,0
2857,0
2858,0
2859,1
2860,1
2861,0
2862,1
2863,1
2864,1
2865,0
2866,0
2867,0
2868,1
2869,0
2870,1
2871,0
2872,1
2873,0
2874,0
2875,1
2876,1
2877,1
2878,0
2879,1
2880,0
2881,1
2882,1
2883,0
2884,1
2885,1
2886,1
2887,1
2888,0
2889,1
2890,1
2891,1
2892,1
2893,1
2894,1
2895,0
2896,1
2897,1
2898,1
2899,1
2900,1
2901,1
2902,1
2903,1
2904,0
2905,0
2906,0
2907,0
2908,1
2909,0
2910,1
2911,1
2912,1
2913,1
2914,0
2915,1
2916,0
2917,1
2918,1
2919,1
2920,1
2921,0
2922,1
2923,0
2924,1
2925,1
2926,0
2927,1
2928,0
2929,1
2930,1
2931,1
2932,1
2933,1
2934,0
2935,1
2936,0
2937,1
2938,1
2939,1
2940,1
2941,1
2942,1
2943,0
2944,0
2945,1
2946,0
2947,1
2948,1
2949,1
2950,1
2951,0
2952,1
2953,1
2954,1
2955,1
2956,0
2957,1
2958,1
2959,1
2960,0
2961,1
2962,1
2963,1
2964,0
2965,1
2966,1
2967,0
2968,1
2969,1
2970,0
2971,0
2972,1
2973,1
2974,0
2975,0
2976,0
2977,1
2978,1
2979,1
2980,1
2981,0
2982,1
2983,1
2984,1
2985,1
2986,1
2987,1
2988,1
2989,0
2990,0
2991,1
2992,1
2993,1
2994,1
2995,0
2996,1
2997,1
2998,0
2999,1
3000,1
3001,1
3002,1
3003,0
3004,1
3005,0
3006,1
3007,0
3008,1
3009,1
3010,0
3011,0
3012,1
3013,1
3014,1
3015,1
3016,1
3017,1
3018,1
3019,1
3020,1
3021,0
3022,1
3023,1
3024,0
3025,0
3026,0
3027,1
3028,0
3029,1
3030,0
3031,0
3032,1
3033,0
3034,1
3035,1
3036,1
3037,1
3038,0
3039,1
3040,0
3041,0
3042,0
3043,1
3044,1
3045,1
3046,0
3047,1
3048,0
3049,1
3050,1
3051,1
3052,1
3053,0
3054,0
3055,1
3056,1
3057,0
3058,1
3059,1
3060,1
3061,1
3062,0
3063,1
3064,1
3065,1
3066,1
3067,1
3068,1
3069,1
3070,0
3071,1
3072,0
3073,1
3074,1
3075,1
3076,1
3077,1
3078,0
3079,1
3080,0
3081,1
3082,1
3083,1
3084,0
3085,1
3086,1
3087,1
3088,0
3089,0
3090,1
3091,0
3092,1
3093,0
3094,0
3095,0
3096,1
3097,1
3098,1
3099,0
3100,1
3101,0
3102,0
3103,0
3104,1
3105,0
3106,1
3107,0
3108,1
3109,1
3110,1
3111,0
3112,1
3113,1
3114,1
3115,1
3116,1
3117,1
3118,1
3119,0
3120,1
3121,1
3122,1
3123,0
3124,0
3125,0
3126,1
3127,1
3128,0
3129,1
3130,1
3131,1
3132,1
3133,0
3134,0
3135,0
3136,0
3137,0
3138,1
3139,1
3140,0
3141,1
3142,1
3143,1
3144,0
3145,1
3146,0
3147,0
3148,0
3149,0
3150,1
3151,1
3152,1
3153,0
3154,0
3155,1
3156,1
3157,1
3158,1
3159,1
3160,1
3161,1
3162,1
3163,1
3164,1
3165,1
3166,0
3167,1
3168,1
3169,1
3170,1
3171,1
3172,1
3173,1
3174,1
3175,1
3176,1
3177,1
3178,0
3179,0
3180,1
3181,1
3182,1
3183,0
3184,1
3185,1
3186,1
3187,1
3188,1
3189,0
3190,1
3191,1
3192,1
3193,1
3194,1
3195,1
3196,1
3197,1
3198,1
3199,0
3200,0
3201,1
3202,1
3203,1
3204,1
3205,1
3206,0
3207,0
3208,1
3209,0
3210,0
3211,0
3212,1
3213,1
3214,1
3215,1
3216,1
3217,1
3218,1
3219,0
3220,1
3221,0
3222,1
3223,0
3224,0
3225,1
3226,1
3227,1
3228,1
3229,1
3230,1
3231,1
3232,0
3233,0
3234,1
3235,1
3236,1
3237,0
3238,1
3239,0
3240,1
3241,1
3242,1
3243,0
3244,1
3245,0
3246,1
3247,1
3248,0
3249,1
3250,0
3251,0
3252,0
3253,1
3254,0
3255,1
3256,1
3257,0
3258,1
3259,1
3260,1
3261,1
3262,0
3263,0
3264,1
3265,1
3266,0
3267,1
3268,1
3269,1
3270,0
3271,1
3272,1
3273,0
3274,1
3275,1
3276,1
3277,1
3278,1
3279,1
3280,0
3281,0
3282,0
3283,1
3284,1
3285,1
3286,1
3287,0
3288,1
3289,0
3290,1
3291,0
3292,1
3293,1
3294,1
3295,1
3296,0
3297,0
3298,1
3299,1
3300,1
3301,1
3302,1
3303,1
3304,1
3305,1
3306,1
3307,0
3308,1
3309,1
3310,1
3311,1
3312,0
3313,1
3314,1
3315,1
3316,0
3317,1
3318,1
3319,1
3320,1
3321,0
3322,0
3323,1
3324,1
3325,0
3326,1
3327,0
3328,0
3329,0
3330,0
3331,1
3332,1
3333,0
3334,1
3335,1
3336,1
3337,1
3338,1
3339,0
3340,1
3341,1
3342,1
3343,1
3344,1
3345,1
3346,1
3347,1
3348,1
3349,1
3350,1
3351,0
3352,1
3353,1
3354,1
3355,0
3356,1
3357,0
3358,1
3359,1
3360,1
3361,1
3362,0
3363,1
3364,0
3365,1
3366,1
3367,1
3368,1
3369,0
3370,0
3371,0
3372,1
3373,1
3374,1
3375,1
3376,0
3377,1
3378,0
3379,0
3380,1
3381,1
3382,1
3383,1
3384,1
3385,0
3386,1
3387,1
3388,1
3389,1
3390,0
3391,1
3392,1
3393,1
3394,1
3395,1
3396,0
3397,1
3398,1
3399,0
3400,1
3401,1
3402,1
3403,1
3404,1
3405,1
3406,1
3407,1
3408,1
3409,0
3410,1
3411,0
3412,0
3413,1
3414,1
3415,1
3416,1
3417,0
3418,1
3419,1
3420,1
3421,1
3422,0
3423,1
3424,0
3425,1
3426,1
3427,1
3428,0
3429,0
3430,1
3431,0
3432,1
3433,1
3434,1
3435,1
3436,0
3437,0
3438,0
3439,1
3440,0
3441,1
3442,1
3443,1
3444,0
3445,1
3446,1
3447,1
3448,1
3449,0
3450,1
3451,1
3452,1
3453,1
3454,1
3455,0
3456,1
3457,1
3458,0
3459,1
3460,1
3461,1
3462,1
3463,1
3464,1
3465,1
3466,1
3467,0
3468,1
3469,1
3470,0
3471,0
3472,0
3473,1
3474,1
3475,0
3476,1
3477,1
3478,1
3479,0
3480,0
3481,0
3482,1
3483,0
3484,1
3485,0
3486,1
3487,0
3488,0
3489,1
3490,1
3491,1
3492,0
3493,1
3494,0
3495,1
3496,1
3497,0
3498,1
3499,1
3500,1
3501,1
3502,0
3503,1
3504,1
3505,1
3506,1
3507,1
3508,1
3509,0
3510,1
3511,1
3512,1
3513,1
3514,1
3515,1
3516,1
3517,1
3518,0
3519,0
3520,0
3521,0
3522,1
3523,0
3524,1
3525,1
3526,1
3527,1
3528,0
3529,1
3530,0
3531,1
3532,1
3533,1
3534,1
3535,0
3536,1
3537,0
3538,1
3539,1
3540,0
3541,1
3542,0
3543,1
3544,1
3545,1
3546,1
3547,1
3548,0
3549,1
3550,0
3551,1
3552,1
3553,1
3554,1
3555,1
3556,1
3557,0
3558,0
3559,1
3560,0
3561,1
3562,1
3563,1
3564,1
3565,0
3566,1
3567,1
3568,1
3569,1
3570,0
3571,1
3572,1
3573,1
3574,0
3575,1
3576,1
3577,1
3578,0
3579,1
3580,1
3581,0
3582,1
3583,1
3584,0
3585,0
3586,1
3587,1
3588,0
3589,0
3590,0
3591,1
3592,1
3593,1
3594,1
3595,0
3596,1
3597,1
3598,1
3599,1
3600,1
3601,1
3602,1
3603,0
3604,0
3605,1
3606,1
3607,1
3608,1
3609,0
3610,1
3611,1
3612,0
3613,1
3614,1
3615,1
3616,1
3617,0
3618,1
3619,0
3620,1
3621,0
3622,1
3623,1
3624,0
3625,0
3626,1
3627,1
3628,1
3629,1
3630,1
3631,1
3632,1
3633,1
3634,1
3635,0
3636,1
3637,1
3638,0
3639,0
3640,0
3641,1
3642,0
3643,1
3644,0
3645,0
3646,1
3647,0
3648,1
3649,1
3650,1
3651,1
3652,0
3653,1
3654,0
3655,0
3656,0
3657,1
3658,1
3659,1
3660,0
3661,1
3662,0
3663,1
3664,1
3665,1
3666,1
3667,0
3668,0
3669,1
3670,1
3671,0
3672,1
3673,1
3674,1
3675,1
3676,0
3677,1
3678,1
3679,1
3680,1
3681,1
3682,1
3683,1
3684,0
3685,1
3686,0
3687,1
3688,1
3689,1
3690,1
3691,1
3692,0
3693,1
3694,0
3695,1
3696,1
3697,1
3698,0
3699,1
3700,1
3701,1
3702,0
3703,0
3704,1
3705,0
3706,1
3707,0
3708,0
3709,0
3710,1
3711,1
3712,1
3713,0
3714,1
3715,0
3716,0
3717,0
3718,1
3719,0
3720,1
3721,0
3722,1
3723,1
3724,1
3725,0
3726,1
3727,1
3728,1
3729,1
3730,1
3731,1
3732,1
3733,0
3734,1
3735,1
3736,1
3737,0
3738,0
3739,0
3740,1
3741,1
3742,0
3743,1
3744,1
3745,1
3746,1
3747,0
3748,0
3749,0
3750,0
3751,0
3752,1
3753,1
3754,0
3755,1
3756,1
3757,1
3758,0
3759,1
3760,0
3761,0
3762,0
3763,0
3764,1
3765,1
3766,1
3767,0
3768,0
3769,1
3770,1
3771,1
3772,1
3773,1
3774,1
3775,1
3776,1
3777,1
3778,1
3779,1
3780,0
3781,1
3782,1
3783,1
3784,1
3785,1
3786,1
3787,1
3788,1
3789,1
3790,1
3791,1
3792,0
3793,0
3794,1
3795,1
3796,1
3797,0
3798,1
3799,1
3800,1
3801,1
3802,1
3803,0
3804,1
3805,1
3806,1
3807,1
3808,1
3809,1
3810,1
3811,1
3812,1
3813,0
3814,0
3815,1
3816,1
3817,1
3818,1
3819,1
3820,0
3821,0
3822,1
3823,0
3824,0
3825,0
3826,1
3827,1
3828,1
3829,1
3830,1
3831,1
3832,1
3833,0
3834,1
3835,0
3836,1
3837,0
3838,0
3839,1
3840,1
3841,1
3842,1
3843,1
3844,1
3845,1
3846,0
3847,0
3848,1
3849,1
3850,1
3851,0
3852,1
3853,0
3854,1
3855,1
3856,1
3857,0
3858,1
3859,0
3860,1
3861,1
3862,0
3863,1
3864,0
3865,0
3866,0
3867,1
3868,0
3869,1
3870,1
3871,0
3872,1
3873,1
3874,1
3875,1
3876,0
3877,0
3878,1
3879,1
3880,0
3881,1
3882,1
3883,1
3884,0
3885,1
3886,1
3887,0
3888,1
3889,1
3890,1
3891,1
3892,1
3893,1
3894,0
3895,0
3896,0
3897,1
3898,1
3899,1
3900,1
3901,0
3902,1
3903,0
3904,1
3905,0
3906,1
3907,1
3908,1
3909,1
3910,0
3911,0
3912,1
3913,1
3914,1
3915,1
3916,1
3917,1
3918,1
3919,1
3920,1
3921,0
3922,1
3923,1
3924,1
3925,1
3926,0
3927,1
3928,1
3929,1
3930,0
3931,1
3932,1
3933,1
3934,1
3935,0
3936,0
3937,1
3938,1
3939,0
3940,1
3941,0
3942,0
3943,0
3944,0
3945,1
3946,1
3947,0
3948,1
3949,1
3950,1
3951,1
3952,1
3953,0
3954,1
3955,1
3956,1
3957,1
3958,1
3959,1
3960,1
3961,1
3962,1
3963,1
3964,1
3965,0
3966,1
3967,1
3968,1
3969,0
3970,1
3971,0
3972,1
3973,1
3974,1
3975,1
3976,0
3977,1
3978,0
3979,1
3980,1
3981,1
3982,1
3983,0
3984,0
3985,0
3986,1
3987,1
3988,1
3989,1
3990,0
3991,1
3992,0
3993,0
3994,1
3995,1
3996,1
3997,1
3998,1
3999,0
4000,1
4001,1
4002,1
4003,1
4004,0
4005,1
4006,1
4007,1
4008,1
4009,1
4010,0
4011,1
4012,1
4013,0
4014,1
4015,1
4016,1
4017,1
4018,1
4019,1
4020,1
4021,1
4022,1
4023,0
4024,1
4025,0
4026,0
4027,1
4028,1
4029,1
4030,1
4031,0
4032,1
4033,1
4034,1
4035,1
4036,0
4037,1
4038,0
4039,1
4040,1
4041,1
4042,0
4043,0
4044,1
4045,0
4046,1
4047,1
4048,1
4049,1
4050,0
4051,0
4052,0
4053,1
4054,0
4055,1
4056,1
4057,1
4058,0
4059,1
4060,1
4061,1
4062,1
4063,0
4064,1
4065,1
4066,1
4067,1
4068,1
4069,0
4070,1
4071,1
4072,0
4073,1
4074,1
4075,1
4076,1
4077,1
4078,1
4079,1
4080,1
4081,0
4082,1
4083,1
4084,0
4085,0
4086,0
4087,1
4088,1
4089,0
4090,1
4091,1
4092,1
4093,0
4094,0
4095,0
4096,1
4097,0
4098,1
4099,0
4100,1
4101,0
4102,0
4103,1
4104,1
4105,1
4106,0
4107,1
4108,0
4109,1
4110,1
4111,0
4112,1
4113,1
4114,1
4115,1
4116,0
4117,1
4118,1
4119,1
4120,1
4121,1
4122,1
4123,0
4124,1
4125,1
4126,1
4127,1
4128,1
4129,1
4130,1
4131,1
4132,0
4133,0
4134,0
4135,0
4136,1
4137,0
4138,1
4139,1
4140,1
4141,1
4142,0
4143,1
4144,0
4145,1
4146,1
4147,1
4148,1
4149,0
4150,1
4151,0
4152,1
4153,1
4154,0
4155,1
4156,0
4157,1
4158,1
4159,1
4160,1
4161,1
4162,0
4163,1
4164,0
4165,1
4166,1
4167,1
4168,1
4169,1
4170,1
4171,0
4172,0
4173,1
4174,0
4175,1
4176,1
4177,1
4178,1
4179,0
4180,1
4181,1
4182,1
4183,1
4184,0
4185,1
4186,1
4187,1
4188,0
4189,1
4190,1
4191,1
4192,0
4193,1
4194,1
4195,0
4196,1
4197,1
4198,0
4199,0
4200,1
4201,1
4202,0
4203,0
4204,0
4205,1
4206,1
4207,1
4208,1
4209,0
4210,1
4211,1
4212,1
4213,1
4214,1
4215,1
4216,1
4217,0
4218,0
4219,1
4220,1
4221,1
4222,1
4223,0
4224,1
4225,1
4226,0
4227,1
4228,1
4229,1
4230,1
4231,0
4232,1
4233,0
4234,1
4235,0
4236,1
4237,1
4238,0
4239,0
4240,1
4241,1
4242,1
4243,1
4244,1
4245,1
4246,1
4247,1
4248,1
4249,0
4250,1
4251,1
4252,0
4253,0
4254,0
4255,1
4256,0
4257,1
4258,0
4259,0
4260,1
4261,0
4262,1
4263,1
4264,1
4265,1
4266,0
4267,1
4268,0
4269,0
4270,0
4271,1
4272,1
4273,1
4274,0
4275,1
4276,0
4277,1
4278,1
4279,1
4280,1
4281,0
4282,0
4283,1
4284,1
4285,0
4286,1
4287,1
4288,1
4289,1
4290,0
4291,1
4292,1
4293,1
4294,1
4295,1
4296,1
4297,1
4298,0
4299,1
4300,0
4301,1
4302,1
4303,1
4304,1
4305,1
4306,0
4307,1
4308,0
4309,1
4310,1
4311,1
4312,0
4313,1
4314,1
4315,1
4316,0
4317,0
4318,1
4319,0
4320,1
4321,0
4322,0
4323,0
4324,1
4325,1
4326,1
4327,0
4328,1
4329,0
4330,0
4331,0
4332,1
4333,0
4334,1
4335,0
4336,1
4337,1
4338,1
4339,0
4340,1
4341,1
4342,1
4343,1
4344,1
4345,1
4346,1
4347,0
4348,1
4349,1
4350,1
4351,0
4352,0
4353,0
4354,1
4355,1
4356,0
4357,1
4358,1
4359,1
4360,1
4361,0
4362,0
4363,0
4364,0
4365,0
4366,1
4367,1
4368,0
4369,1
4370,1
4371,1
4372,0
4373,1
4374,0
4375,0
4376,0
4377,0
4378,1
4379,1
4380,1
4381,0
4382,0
4383,1
4384,1
4385,1
4386,1
4387,1
4388,1
4389,1
4390,1
4391,1
4392,1
4393,1
4394,0
4395,1
4396,1
4397,1
4398,1
4399,1
4400,1
4401,1
4402,1
4403,1
4404,1
4405,1
4406,0
4407,0
4408,1
4409,1
4410,1
4411,0
4412,1
4413,1
4414,1
4415,1
4416,1
4417,0
4418,1
4419,1
4420,1
4421,1
4422,1
4423,1
4424,1
4425,1
4426,1
4427,0
4428,0
4429,1
4430,1
4431,1
4432,1
4433,1
4434,0
4435,0
4436,1
4437,0
4438,0
4439,0
4440,1
4441,1
4442,1
4443,1
4444,1
4445,1
4446,1
4447,0
4448,1
4449,0
4450,1
4451,0
4452,0
4453,1
4454,1
4455,1
4456,1
4457,1
4458,1
4459,1
4460,0
4461,0
4462,1
4463,1
4464,1
4465,0
4466,1
4467,0
4468,1
4469,1
4470,1
4471,0
4472,1
4473,0
4474,1
4475,1
4476,0
4477,1
4478,0
4479,0
4480,0
4481,1
4482,0
4483,1
4484,1
4485,0
4486,1
4487,1
4488,1
4489,1
4490,0
4491,0
4492,1
4493,1
4494,0
4495,1
4496,1
4497,1
4498,0
4499,1
4500,1
4501,0
4502,1
4503,1
4504,1
4505,1
4506,1
4507,1
4508,0
4509,0
4510,0
4511,1
4512,1
4513,1
4514,1
4515,0
4516,1
4517,0
4518,1
4519,0
4520,1
4521,1
4522,1
4523,1
4524,0
4525,0
4526,1
4527,1
4528,1
4529,1
4530,1
4531,1
4532,1
4533,1
4534,1
4535,0
4536,1
4537,1
4538,1
4539,1
4540,0
4541,1
4542,1
4543,1
4544,0
4545,1
4546,1
4547,1
4548,1
4549,0
4550,0
4551,1
4552,1
4553,0
4554,1
4555,0
4556,0
4557,0
4558,0
4559,1
4560,1
4561,0
4562,1
4563,1
4564,1
4565,1
4566,1
4567,0
4568,1
4569,1
4570,1
4571,1
4572,1
4573,1
4574,1
4575,1
4576,1
4577,1
4578,1
4579,0
4580,1
4581,1
4582,1
4583,0
4584,1
4585,0
4586,1
4587,1
4588,1
4589,1
4590,0
4591,1
4592,0
4593,1
4594,1
4595,1
4596,1
4597,0
4598,0
4599,0
4600,1
4601,1
4602,1
4603,1
4604,0
4605,1
4606,0
4607,0
4608,1
4609,1
4610,1
4611,1
4612,1
4613,0
4614,1
4615,1
4616,1
4617,1
4618,0
4619,1
4620,1
4621,1
4622,1
4623,1
4624,0
4625,1
4626,1
4627,0
4628,1
4629,1
4630,1
4631,1
4632,1
4633,1
4634,1
4635,1
4636,1
4637,0
4638,1
4639,0
4640,0
4641,1
4642,1
4643,1
4644,1
4645,0
4646,1
4647,1
4648,1
4649,1
4650,0
4651,1
4652,0
4653,1
4654,1
4655,1
4656,0
4657,0
4658,1
4659,0
4660,1
4661,1
4662,1
4663,1
4664,0
4665,0
4666,0
4667,1
4668,0
4669,1
4670,1
4671,1
4672,0
4673,1
4674,1
4675,1
4676,1
4677,0
4678,1
4679,1
4680,1
4681,1
4682,1
4683,0
4684,1
4685,1
4686,0
4687,1
4688,1
4689,1
4690,1
4691,1
4692,1
4693,1
4694,1
4695,0
4696,1
4697,1
4698,0
4699,0
4700,0
4701,1
4702,1
4703,0
4704,1
4705,1
4706,1
4707,0
4708,0
4709,0
4710,1
4711,0
4712,1
4713,0
4714,1
4715,0
4716,0
4717,1
4718,1
4719,1
4720,0
4721,1
4722,0
4723,1
4724,1
4725,0
4726,1
4727,1
4728,1
4729,1
4730,0
4731,1
4732,1
4733,1
4734,1
4735,1
4736,1
4737,0
4738,1
4739,1
4740,1
4741,1
4742,1
4743,1
4744,1
4745,1
4746,0
4747,0
4748,0
4749,0
4750,1
4751,0
4752,1
4753,1
4754,1
4755,1
4756,0
4757,1
4758,0
4759,1
4760,1
4761,1
4762,1
4763,0
4764,1
4765,0
4766,1
4767,1
4768,0
4769,1
4770,0
4771,1
4772,1
4773,1
4774,1
4775,1
4776,0
4777,1
4778,0
4779,1
4780,1
4781,1
4782,1
4783,1
4784,1
4785,0
4786,0
4787,1
4788,0
4789,1
4790,1
4791,1
4792,1
4793,0
4794,1
4795,1
4796,1
4797,1
4798,0
4799,1
4800,1
4801,1
4802,0
4803,1
4804,1
4805,1
4806,0
4807,1
4808,1
4809,0
4810,1
4811,1
4812,0
4813,0
4814,1
4815,1
4816,0
4817,0
4818,0
4819,1
4820,1
4821,1
4822,1
4823,0
4824,1
4825,1
4826,1
4827,1
4828,1
4829,1
4830,1
4831,0
4832,0
4833,1
4834,1
4835,1
4836,1
4837,0
4838,1
4839,1
4840,0
4841,1
4842,1
4843,1
4844,1
4845,0
4846,1
4847,0
4848,1
4849,0
4850,1
4851,1
4852,0
4853,0
4854,1
4855,1
4856,1
4857,1
4858,1
4859,1
4860,1
4861,1
4862,1
4863,0
4864,1
4865,1
4866,0
4867,0
4868,0
4869,1
4870,0
4871,1
4872,0
4873,0
4874,1
4875,0
4876,1
4877,1
4878,1
4879,1
4880,0
4881,1
4882,0
4883,0
4884,0
4885,1
4886,1
4887,1
4888,0
4889,1
4890,0
4891,1
4892,1
4893,1
4894,1
4895,0
4896,0
4897,1
4898,1
4899,0
4900,1
4901,1
4902,1
4903,1
4904,0
4905,1
4906,1
4907,1
4908,1
4909,1
4910,1
4911,1
4912,0
4913,1
4914,0
4915,1
4916,1
4917,1
4918,1
4919,1
4920,0
4921,1
4922,0
4923,1
4924,1
4925,1
4926,0
4927,1
